scen,seg,period,KB,SC,nl,ONRD,ONRC,RM,OFRD,OFRC
0,0,0,57.5233,6857.143,3,0,0,2400,0,0
0,0,1,57.5233,6857.143,3,0,0,2400,0,0
0,1,0,62.267944,6857.143,3,0,0,2400,600,2000
0,1,1,62.267944,6857.143,3,0,0,2400,600,2000
0,2,0,48.57143,6857.143,3,0,0,2400,0,0
0,2,1,48.57143,6857.143,3,0,0,2400,0,0
