scen,seg,period,KB,SC,nl,ONRD,ONRC,RM,OFRD,OFRC
0,0,0,57.5233,6857.143,3,0,0,2400,0,2400
0,0,1,57.5233,6857.143,3,0,0,2400,0,2400
0,1,0,74.48745,6857.143,3,600,2000,2400,0,2400
0,1,1,74.48745,6857.143,3,600,2000,2400,0,2400
0,2,0,67.59299,6857.143,3,0,0,2400,0,2400
0,2,1,67.59299,6857.143,3,0,0,2400,0,2400
